{"cameraMode":{"drawMode":0,"name":"Shaded","section":"Shading Mode"},"sceneLighting":true,"audioPlay":false,"sceneViewState":{"showFog":true,"showMaterialUpdate":false,"showSkybox":true,"showFlares":true,"showImageEffects":true,"showParticleSystems":true},"in2DMode":false,"pivot":{"x":270.05902099609377,"y":-233.83157348632813,"z":20.92898178100586},"rotation":{"x":0.045031581073999408,"y":0.9396626949310303,"z":-0.1362544745206833,"w":0.3105548918247223},"size":1283.7254638671875,"orthographic":false}