{"cameraMode":{"drawMode":0,"name":"Shaded","section":"Shading Mode"},"sceneLighting":false,"audioPlay":false,"sceneViewState":{"showFog":true,"showMaterialUpdate":false,"showSkybox":false,"showFlares":true,"showImageEffects":true,"showParticleSystems":true},"in2DMode":false,"pivot":{"x":0.0,"y":1.0898888111114503,"z":0.14960122108459474},"rotation":{"x":-0.0926518440246582,"y":0.8722313642501831,"z":-0.18181000649929048,"w":-0.44449687004089358},"size":10.394222259521485,"orthographic":false}