{"cameraMode":{"drawMode":0,"name":"Shaded","section":"Shading Mode"},"sceneLighting":true,"audioPlay":false,"sceneViewState":{"showFog":true,"showMaterialUpdate":false,"showSkybox":true,"showFlares":true,"showImageEffects":true,"showParticleSystems":true},"in2DMode":false,"pivot":{"x":7.04827880859375,"y":-2.0021982192993166,"z":-9.0908203125},"rotation":{"x":-0.0270792655646801,"y":-0.9009904265403748,"z":-0.056837521493434909,"w":0.42925578355789187},"size":19.741796493530275,"orthographic":false}