{"cameraMode":{"drawMode":0,"name":"Shaded","section":"Shading Mode"},"sceneLighting":false,"audioPlay":false,"sceneViewState":{"showFog":true,"showMaterialUpdate":false,"showSkybox":false,"showFlares":true,"showImageEffects":true,"showParticleSystems":true},"in2DMode":false,"pivot":{"x":335.1488037109375,"y":270.11651611328127,"z":40.21160125732422},"rotation":{"x":-0.17499659955501557,"y":-0.2076754868030548,"z":-0.03779168426990509,"w":0.9616818428039551},"size":49576.8125,"orthographic":false}