{"cameraMode":{"drawMode":0,"name":"Shaded","section":"Shading Mode"},"sceneLighting":true,"audioPlay":false,"sceneViewState":{"showFog":true,"showMaterialUpdate":false,"showSkybox":true,"showFlares":true,"showImageEffects":true,"showParticleSystems":true},"in2DMode":false,"pivot":{"x":1.0246403217315674,"y":0.7511706352233887,"z":0.13114885985851289},"rotation":{"x":-0.056487977504730228,"y":-0.7368016242980957,"z":-0.0620373971760273,"w":0.670893132686615},"size":16.566909790039064,"orthographic":false}